start time,current time
1621733858.192084,1621733908.478157
1621733858.192084,1621733908.779129
1621733858.192084,1621733909.080104
1621733858.192084,1621733909.381069
1621733858.192084,1621733909.682021
1621733858.192084,1621733909.982988
1621733858.192084,1621733910.284198
1621733858.192084,1621733910.58565
1621733858.192084,1621733910.886997
1621733858.192084,1621733911.188355
1621733858.192084,1621733911.489771
1621733858.192084,1621733911.790726
1621733858.192084,1621733912.091672
1621733858.192084,1621733912.392651
1621733858.192084,1621733912.6936
1621733858.192084,1621733912.994587
1621733858.192084,1621733913.296145
1621733858.192084,1621733913.597636
1621733858.192084,1621733913.899155
1621733858.192084,1621733914.200669
1621733858.192084,1621733914.502048
1621733858.192084,1621733914.803008
1621733858.192084,1621733915.103964
1621733858.192084,1621733915.404911
1621733858.192084,1621733915.705887
1621733858.192084,1621733916.006865
1621733858.192084,1621733916.307803
1621733858.192084,1621733916.608986
1621733858.192084,1621733916.909927
1621733858.192084,1621733917.21088
1621733858.192084,1621733917.511855
1621733858.192084,1621733917.812795
1621733858.192084,1621733918.113732
